column,symbol,month,equation_id
S1,AUDCAD,1,AUDCAD-01-R05E7
S2,AUDCAD,2,AUDCAD-02-N1R032E11
S3,AUDCAD,3,AUDCAD-03-N1R002E02
S4,AUDCAD,4,AUDCAD-04-N1R017E08
S5,AUDCAD,5,AUDCAD-05-N1R019E11
S6,AUDCAD,6,AUDCAD-06-R62E4
S7,AUDCAD,7,AUDCAD-07-N1R041E11
S8,AUDCAD,8,AUDCAD-08-N1R035E05
S9,AUDCAD,9,AUDCAD-09-N1R067E02
S10,AUDCAD,10,AUDCAD-10-N1R058E03
S11,AUDCAD,11,AUDCAD-11-N1R098E10
S12,AUDCAD,12,AUDCAD-12-N1R136E10
S13,AUDCHF,1,AUDCHF-01-N1R069E03
S14,AUDCHF,2,AUDCHF-02-N1R138E09
S15,AUDCHF,3,AUDCHF-03-N1R092E07
S16,AUDCHF,4,AUDCHF-04-N1R078E06
S17,AUDCHF,5,AUDCHF-05-N1R081E02
S18,AUDCHF,6,AUDCHF-06-N1R087E05
S19,AUDCHF,7,AUDCHF-07-N1R082E10
S20,AUDCHF,8,AUDCHF-08-N1R001E12
S21,AUDCHF,9,AUDCHF-09-N1R135E09
S22,AUDCHF,10,AUDCHF-10-N1R082E03
S23,AUDCHF,11,AUDCHF-11-R08E3
S24,AUDCHF,12,AUDCHF-12-N1R089E11
S25,AUDJPY,1,AUDJPY-01-N1R055E07
S26,AUDJPY,2,AUDJPY-02-N1R087E02
S27,AUDJPY,3,AUDJPY-03-N1R122E12
S28,AUDJPY,4,AUDJPY-04-N1R001E06
S29,AUDJPY,5,AUDJPY-05-N1R001E05
S30,AUDJPY,6,AUDJPY-06-N1R004E08
S31,AUDJPY,7,AUDJPY-07-N1R002E06
S32,AUDJPY,8,AUDJPY-08-N1R029E11
S33,AUDJPY,9,AUDJPY-09-N1R075E04
S34,AUDJPY,10,AUDJPY-10-R22E5
S35,AUDJPY,11,AUDJPY-11-N1R066E01
S36,AUDJPY,12,AUDJPY-12-N1R122E07
S37,AUDNZD,1,AUDNZD-01-N1R016E02
S38,AUDNZD,2,AUDNZD-02-R57E7
S39,AUDNZD,3,AUDNZD-03-N1R104E02
S40,AUDNZD,4,AUDNZD-04-N1R020E12
S41,AUDNZD,5,AUDNZD-05-R52E7
S42,AUDNZD,6,AUDNZD-06-N1R124E01
S43,AUDNZD,7,AUDNZD-07-N1R135E09
S44,AUDNZD,8,AUDNZD-08-N1R012E06
S45,AUDNZD,9,AUDNZD-09-R20E8
S46,AUDNZD,10,AUDNZD-10-N1R079E09
S47,AUDNZD,11,AUDNZD-11-R01E7
S48,AUDNZD,12,AUDNZD-12-N1R136E12
S49,AUDUSD,1,AUDUSD-01-N1R106E06
S50,AUDUSD,2,AUDUSD-02-N1R070E09
S51,AUDUSD,3,AUDUSD-03-N1R032E07
S52,AUDUSD,4,AUDUSD-04-N1R033E11
S53,AUDUSD,5,AUDUSD-05-N1R048E10
S54,AUDUSD,6,AUDUSD-06-R47E8
S55,AUDUSD,7,AUDUSD-07-N1R054E05
S56,AUDUSD,8,AUDUSD-08-N1R011E04
S57,AUDUSD,9,AUDUSD-09-N1R065E11
S58,AUDUSD,10,AUDUSD-10-N1R085E10
S59,AUDUSD,11,AUDUSD-11-N1R102E10
S60,AUDUSD,12,AUDUSD-12-R13E8
S61,CHFJPY,1,CHFJPY-01-N1R040E10
S62,CHFJPY,2,CHFJPY-02-R60E8
S63,CHFJPY,3,CHFJPY-03-N1R071E12
S64,CHFJPY,4,CHFJPY-04-R22E3
S65,CHFJPY,5,CHFJPY-05-N1R017E06
S66,CHFJPY,6,CHFJPY-06-N1R001E08
S67,CHFJPY,7,CHFJPY-07-N1R080E04
S68,CHFJPY,8,CHFJPY-08-N1R118E01
S69,CHFJPY,9,CHFJPY-09-R60E8
S70,CHFJPY,10,CHFJPY-10-R53E8
S71,CHFJPY,11,CHFJPY-11-R26E5
S72,CHFJPY,12,CHFJPY-12-N1R099E01
S73,EURAUD,1,EURAUD-01-N1R099E11
S74,EURAUD,2,EURAUD-02-N1R028E06
S75,EURAUD,3,EURAUD-03-R19E8
S76,EURAUD,4,EURAUD-04-N1R114E10
S77,EURAUD,5,EURAUD-05-N1R124E05
S78,EURAUD,6,EURAUD-06-N1R057E05
S79,EURAUD,7,EURAUD-07-N1R091E08
S80,EURAUD,8,EURAUD-08-N1R050E06
S81,EURAUD,9,EURAUD-09-R07E6
S82,EURAUD,10,EURAUD-10-R05E8
S83,EURAUD,11,EURAUD-11-N1R083E06
S84,EURAUD,12,EURAUD-12-N1R004E07
S85,EURCAD,1,EURCAD-01-N1R088E03
S86,EURCAD,2,EURCAD-02-N1R077E12
S87,EURCAD,3,EURCAD-03-N1R034E04
S88,EURCAD,4,EURCAD-04-R47E8
S89,EURCAD,5,EURCAD-05-N1R137E11
S90,EURCAD,6,EURCAD-06-N1R003E03
S91,EURCAD,7,EURCAD-07-N1R067E08
S92,EURCAD,8,EURCAD-08-R58E8
S93,EURCAD,9,EURCAD-09-N1R096E06
S94,EURCAD,10,EURCAD-10-R29E8
S95,EURCAD,11,EURCAD-11-R25E8
S96,EURCAD,12,EURCAD-12-N1R022E06
S97,EURCHF,1,EURCHF-01-N1R048E03
S98,EURCHF,2,EURCHF-02-N1R030E03
S99,EURCHF,3,EURCHF-03-N1R045E06
S100,EURCHF,4,EURCHF-04-N1R052E11
S101,EURCHF,5,EURCHF-05-R55E5
S102,EURCHF,6,EURCHF-06-N2R040E04
S103,EURCHF,7,EURCHF-07-N1R050E12
S104,EURCHF,8,EURCHF-08-R41E7
S105,EURCHF,9,EURCHF-09-N1R086E04
S106,EURCHF,10,EURCHF-10-N1R139E10
S107,EURCHF,11,EURCHF-11-R46E4
S108,EURCHF,12,EURCHF-12-N1R139E11
S109,EURGBP,1,EURGBP-01-N1R066E01
S110,EURGBP,2,EURGBP-02-N1R032E05
S111,EURGBP,3,EURGBP-03-N1R102E09
S112,EURGBP,4,EURGBP-04-N1R123E11
S113,EURGBP,5,EURGBP-05-N1R007E04
S114,EURGBP,6,EURGBP-06-N1R117E03
S115,EURGBP,7,EURGBP-07-N1R120E10
S116,EURGBP,8,EURGBP-08-N1R090E12
S117,EURGBP,9,EURGBP-09-R23E8
S118,EURGBP,10,EURGBP-10-R22E8
S119,EURGBP,11,EURGBP-11-N1R015E01
S120,EURGBP,12,EURGBP-12-N1R118E09
S121,EURJPY,1,EURJPY-01-N1R034E08
S122,EURJPY,2,EURJPY-02-R33E2
S123,EURJPY,3,EURJPY-03-N1R045E05
S124,EURJPY,4,EURJPY-04-N1R005E05
S125,EURJPY,5,EURJPY-05-N1R017E06
S126,EURJPY,6,EURJPY-06-N1R001E02
S127,EURJPY,7,EURJPY-07-N1R115E03
S128,EURJPY,8,EURJPY-08-N1R019E08
S129,EURJPY,9,EURJPY-09-N1R132E12
S130,EURJPY,10,EURJPY-10-N1R107E01
S131,EURJPY,11,EURJPY-11-N1R074E12
S132,EURJPY,12,EURJPY-12-N1R016E11
S133,EURNZD,1,EURNZD-01-N1R117E11
S134,EURNZD,2,EURNZD-02-N1R137E06
S135,EURNZD,3,EURNZD-03-R19E8
S136,EURNZD,4,EURNZD-04-N1R045E02
S137,EURNZD,5,EURNZD-05-R05E6
S138,EURNZD,6,EURNZD-06-N1R049E08
S139,EURNZD,7,EURNZD-07-R13E2
S140,EURNZD,8,EURNZD-08-N1R135E11
S141,EURNZD,9,EURNZD-09-R05E8
S142,EURNZD,10,EURNZD-10-R61E5
S143,EURNZD,11,EURNZD-11-R15E1
S144,EURNZD,12,EURNZD-12-R19E5
S145,EURUSD,1,EURUSD-01-R32E4
S146,EURUSD,2,EURUSD-02-N1R032E11
S147,EURUSD,3,EURUSD-03-N1R045E07
S148,EURUSD,4,EURUSD-04-N1R021E08
S149,EURUSD,5,EURUSD-05-R46E8
S150,EURUSD,6,EURUSD-06-N1R028E07
S151,EURUSD,7,EURUSD-07-N1R005E12
S152,EURUSD,8,EURUSD-08-R60E7
S153,EURUSD,9,EURUSD-09-R51E4
S154,EURUSD,10,EURUSD-10-R32E3
S155,EURUSD,11,EURUSD-11-N1R115E06
S156,EURUSD,12,EURUSD-12-N1R137E06
S157,GBPJPY,1,GBPJPY-01-R56E5
S158,GBPJPY,2,GBPJPY-02-N1R037E11
S159,GBPJPY,3,GBPJPY-03-N1R052E03
S160,GBPJPY,4,GBPJPY-04-N1R049E07
S161,GBPJPY,5,GBPJPY-05-R56E3
S162,GBPJPY,6,GBPJPY-06-N1R001E04
S163,GBPJPY,7,GBPJPY-07-R56E8
S164,GBPJPY,8,GBPJPY-08-N1R069E03
S165,GBPJPY,9,GBPJPY-09-N1R071E02
S166,GBPJPY,10,GBPJPY-10-R53E3
S167,GBPJPY,11,GBPJPY-11-R59E5
S168,GBPJPY,12,GBPJPY-12-R53E4
S169,GBPUSD,1,GBPUSD-01-R14E8
S170,GBPUSD,2,GBPUSD-02-N1R070E09
S171,GBPUSD,3,GBPUSD-03-N1R061E03
S172,GBPUSD,4,GBPUSD-04-R52E5
S173,GBPUSD,5,GBPUSD-05-N1R042E08
S174,GBPUSD,6,GBPUSD-06-N1R029E06
S175,GBPUSD,7,GBPUSD-07-N1R071E08
S176,GBPUSD,8,GBPUSD-08-R45E3
S177,GBPUSD,9,GBPUSD-09-N1R087E08
S178,GBPUSD,10,GBPUSD-10-N1R082E12
S179,GBPUSD,11,GBPUSD-11-R16E8
S180,GBPUSD,12,GBPUSD-12-N1R006E08
S181,NZDCAD,1,NZDCAD-01-R41E7
S182,NZDCAD,2,NZDCAD-02-N1R013E12
S183,NZDCAD,3,NZDCAD-03-N1R007E09
S184,NZDCAD,4,NZDCAD-04-R57E4
S185,NZDCAD,5,NZDCAD-05-N1R096E10
S186,NZDCAD,6,NZDCAD-06-R16E5
S187,NZDCAD,7,NZDCAD-07-N1R025E10
S188,NZDCAD,8,NZDCAD-08-N1R085E12
S189,NZDCAD,9,NZDCAD-09-N1R140E07
S190,NZDCAD,10,NZDCAD-10-R13E4
S191,NZDCAD,11,NZDCAD-11-R16E4
S192,NZDCAD,12,NZDCAD-12-R30E3
S193,NZDUSD,1,NZDUSD-01-R42E4
S194,NZDUSD,2,NZDUSD-02-N1R136E10
S195,NZDUSD,3,NZDUSD-03-N1R038E03
S196,NZDUSD,4,NZDUSD-04-N1R067E05
S197,NZDUSD,5,NZDUSD-05-N1R116E10
S198,NZDUSD,6,NZDUSD-06-N1R088E12
S199,NZDUSD,7,NZDUSD-07-N1R087E08
S200,NZDUSD,8,NZDUSD-08-N1R032E03
S201,NZDUSD,9,NZDUSD-09-N1R132E12
S202,NZDUSD,10,NZDUSD-10-R37E7
S203,NZDUSD,11,NZDUSD-11-N1R016E03
S204,NZDUSD,12,NZDUSD-12-N1R086E05
S205,USDCAD,1,USDCAD-01-N1R065E10
S206,USDCAD,2,USDCAD-02-N1R067E02
S207,USDCAD,3,USDCAD-03-R22E8
S208,USDCAD,4,USDCAD-04-R27E8
S209,USDCAD,5,USDCAD-05-N1R004E11
S210,USDCAD,6,USDCAD-06-N1R069E08
S211,USDCAD,7,USDCAD-07-N1R065E06
S212,USDCAD,8,USDCAD-08-N1R123E11
S213,USDCAD,9,USDCAD-09-R55E7
S214,USDCAD,10,USDCAD-10-N1R008E12
S215,USDCAD,11,USDCAD-11-N1R100E01
S216,USDCAD,12,USDCAD-12-N1R014E02
S217,USDCHF,1,USDCHF-01-N1R086E04
S218,USDCHF,2,USDCHF-02-R27E8
S219,USDCHF,3,USDCHF-03-N1R016E11
S220,USDCHF,4,USDCHF-04-N1R079E03
S221,USDCHF,5,USDCHF-05-N1R111E08
S222,USDCHF,6,USDCHF-06-N1R136E05
S223,USDCHF,7,USDCHF-07-N1R131E12
S224,USDCHF,8,USDCHF-08-N1R121E08
S225,USDCHF,9,USDCHF-09-N1R102E09
S226,USDCHF,10,USDCHF-10-R56E7
S227,USDCHF,11,USDCHF-11-N1R121E11
S228,USDCHF,12,USDCHF-12-N1R120E10
S229,USDJPY,1,USDJPY-01-N1R050E01
S230,USDJPY,2,USDJPY-02-R15E5
S231,USDJPY,3,USDJPY-03-N1R118E11
S232,USDJPY,4,USDJPY-04-N1R033E05
S233,USDJPY,5,USDJPY-05-N1R033E08
S234,USDJPY,6,USDJPY-06-R50E8
S235,USDJPY,7,USDJPY-07-R16E8
S236,USDJPY,8,USDJPY-08-N1R016E12
S237,USDJPY,9,USDJPY-09-R60E8
S238,USDJPY,10,USDJPY-10-R54E8
S239,USDJPY,11,USDJPY-11-R35E8
S240,USDJPY,12,USDJPY-12-N1R030E11
