variant,scenario,split,status,Net Pip,Max DD,EV
original,Fixed TP/SL,TRAIN,BLOCKED_MISSING_DATA,,,
original,Fixed TP/SL,VALIDATION,BLOCKED_MISSING_DATA,,,
original,Fixed TP/SL,HELDOUT_PARAMETER_REPLAY,BLOCKED_MISSING_DATA,,,
original,Dynamic TP/Dynamic SL,TRAIN,BLOCKED_MISSING_DATA,,,
original,Dynamic TP/Dynamic SL,VALIDATION,BLOCKED_MISSING_DATA,,,
original,Dynamic TP/Dynamic SL,HELDOUT_PARAMETER_REPLAY,BLOCKED_MISSING_DATA,,,
original,Dynamic TP/Middle Bias (no normal SL),TRAIN,BLOCKED_MISSING_DATA,,,
original,Dynamic TP/Middle Bias (no normal SL),VALIDATION,BLOCKED_MISSING_DATA,,,
original,Dynamic TP/Middle Bias (no normal SL),HELDOUT_PARAMETER_REPLAY,BLOCKED_MISSING_DATA,,,
original,Dynamic TP/Middle Bias + Emergency SL,TRAIN,BLOCKED_MISSING_DATA,,,
original,Dynamic TP/Middle Bias + Emergency SL,VALIDATION,BLOCKED_MISSING_DATA,,,
original,Dynamic TP/Middle Bias + Emergency SL,HELDOUT_PARAMETER_REPLAY,BLOCKED_MISSING_DATA,,,
original,Fixed TP/Middle Bias (no normal SL),TRAIN,BLOCKED_MISSING_DATA,,,
original,Fixed TP/Middle Bias (no normal SL),VALIDATION,BLOCKED_MISSING_DATA,,,
original,Fixed TP/Middle Bias (no normal SL),HELDOUT_PARAMETER_REPLAY,BLOCKED_MISSING_DATA,,,
original,Fixed TP/Printed Dynamic SL,TRAIN,BLOCKED_MISSING_DATA,,,
original,Fixed TP/Printed Dynamic SL,VALIDATION,BLOCKED_MISSING_DATA,,,
original,Fixed TP/Printed Dynamic SL,HELDOUT_PARAMETER_REPLAY,BLOCKED_MISSING_DATA,,,
original,Fixed TP/Higher Bias (no normal SL),TRAIN,BLOCKED_MISSING_DATA,,,
original,Fixed TP/Higher Bias (no normal SL),VALIDATION,BLOCKED_MISSING_DATA,,,
original,Fixed TP/Higher Bias (no normal SL),HELDOUT_PARAMETER_REPLAY,BLOCKED_MISSING_DATA,,,
original,Fixed TP/Lower Bias (no normal SL),TRAIN,BLOCKED_MISSING_DATA,,,
original,Fixed TP/Lower Bias (no normal SL),VALIDATION,BLOCKED_MISSING_DATA,,,
original,Fixed TP/Lower Bias (no normal SL),HELDOUT_PARAMETER_REPLAY,BLOCKED_MISSING_DATA,,,
remove_symbols,Fixed TP/SL,TRAIN,BLOCKED_MISSING_DATA,,,
remove_symbols,Fixed TP/SL,VALIDATION,BLOCKED_MISSING_DATA,,,
remove_symbols,Fixed TP/SL,HELDOUT_PARAMETER_REPLAY,BLOCKED_MISSING_DATA,,,
remove_symbols,Dynamic TP/Dynamic SL,TRAIN,BLOCKED_MISSING_DATA,,,
remove_symbols,Dynamic TP/Dynamic SL,VALIDATION,BLOCKED_MISSING_DATA,,,
remove_symbols,Dynamic TP/Dynamic SL,HELDOUT_PARAMETER_REPLAY,BLOCKED_MISSING_DATA,,,
remove_symbols,Dynamic TP/Middle Bias (no normal SL),TRAIN,BLOCKED_MISSING_DATA,,,
remove_symbols,Dynamic TP/Middle Bias (no normal SL),VALIDATION,BLOCKED_MISSING_DATA,,,
remove_symbols,Dynamic TP/Middle Bias (no normal SL),HELDOUT_PARAMETER_REPLAY,BLOCKED_MISSING_DATA,,,
remove_symbols,Dynamic TP/Middle Bias + Emergency SL,TRAIN,BLOCKED_MISSING_DATA,,,
remove_symbols,Dynamic TP/Middle Bias + Emergency SL,VALIDATION,BLOCKED_MISSING_DATA,,,
remove_symbols,Dynamic TP/Middle Bias + Emergency SL,HELDOUT_PARAMETER_REPLAY,BLOCKED_MISSING_DATA,,,
remove_symbols,Fixed TP/Middle Bias (no normal SL),TRAIN,BLOCKED_MISSING_DATA,,,
remove_symbols,Fixed TP/Middle Bias (no normal SL),VALIDATION,BLOCKED_MISSING_DATA,,,
remove_symbols,Fixed TP/Middle Bias (no normal SL),HELDOUT_PARAMETER_REPLAY,BLOCKED_MISSING_DATA,,,
remove_symbols,Fixed TP/Printed Dynamic SL,TRAIN,BLOCKED_MISSING_DATA,,,
remove_symbols,Fixed TP/Printed Dynamic SL,VALIDATION,BLOCKED_MISSING_DATA,,,
remove_symbols,Fixed TP/Printed Dynamic SL,HELDOUT_PARAMETER_REPLAY,BLOCKED_MISSING_DATA,,,
remove_symbols,Fixed TP/Higher Bias (no normal SL),TRAIN,BLOCKED_MISSING_DATA,,,
remove_symbols,Fixed TP/Higher Bias (no normal SL),VALIDATION,BLOCKED_MISSING_DATA,,,
remove_symbols,Fixed TP/Higher Bias (no normal SL),HELDOUT_PARAMETER_REPLAY,BLOCKED_MISSING_DATA,,,
remove_symbols,Fixed TP/Lower Bias (no normal SL),TRAIN,BLOCKED_MISSING_DATA,,,
remove_symbols,Fixed TP/Lower Bias (no normal SL),VALIDATION,BLOCKED_MISSING_DATA,,,
remove_symbols,Fixed TP/Lower Bias (no normal SL),HELDOUT_PARAMETER_REPLAY,BLOCKED_MISSING_DATA,,,
remove_strategies,Fixed TP/SL,TRAIN,BLOCKED_MISSING_DATA,,,
remove_strategies,Fixed TP/SL,VALIDATION,BLOCKED_MISSING_DATA,,,
remove_strategies,Fixed TP/SL,HELDOUT_PARAMETER_REPLAY,BLOCKED_MISSING_DATA,,,
remove_strategies,Dynamic TP/Dynamic SL,TRAIN,BLOCKED_MISSING_DATA,,,
remove_strategies,Dynamic TP/Dynamic SL,VALIDATION,BLOCKED_MISSING_DATA,,,
remove_strategies,Dynamic TP/Dynamic SL,HELDOUT_PARAMETER_REPLAY,BLOCKED_MISSING_DATA,,,
remove_strategies,Dynamic TP/Middle Bias (no normal SL),TRAIN,BLOCKED_MISSING_DATA,,,
remove_strategies,Dynamic TP/Middle Bias (no normal SL),VALIDATION,BLOCKED_MISSING_DATA,,,
remove_strategies,Dynamic TP/Middle Bias (no normal SL),HELDOUT_PARAMETER_REPLAY,BLOCKED_MISSING_DATA,,,
remove_strategies,Dynamic TP/Middle Bias + Emergency SL,TRAIN,BLOCKED_MISSING_DATA,,,
remove_strategies,Dynamic TP/Middle Bias + Emergency SL,VALIDATION,BLOCKED_MISSING_DATA,,,
remove_strategies,Dynamic TP/Middle Bias + Emergency SL,HELDOUT_PARAMETER_REPLAY,BLOCKED_MISSING_DATA,,,
remove_strategies,Fixed TP/Middle Bias (no normal SL),TRAIN,BLOCKED_MISSING_DATA,,,
remove_strategies,Fixed TP/Middle Bias (no normal SL),VALIDATION,BLOCKED_MISSING_DATA,,,
remove_strategies,Fixed TP/Middle Bias (no normal SL),HELDOUT_PARAMETER_REPLAY,BLOCKED_MISSING_DATA,,,
remove_strategies,Fixed TP/Printed Dynamic SL,TRAIN,BLOCKED_MISSING_DATA,,,
remove_strategies,Fixed TP/Printed Dynamic SL,VALIDATION,BLOCKED_MISSING_DATA,,,
remove_strategies,Fixed TP/Printed Dynamic SL,HELDOUT_PARAMETER_REPLAY,BLOCKED_MISSING_DATA,,,
remove_strategies,Fixed TP/Higher Bias (no normal SL),TRAIN,BLOCKED_MISSING_DATA,,,
remove_strategies,Fixed TP/Higher Bias (no normal SL),VALIDATION,BLOCKED_MISSING_DATA,,,
remove_strategies,Fixed TP/Higher Bias (no normal SL),HELDOUT_PARAMETER_REPLAY,BLOCKED_MISSING_DATA,,,
remove_strategies,Fixed TP/Lower Bias (no normal SL),TRAIN,BLOCKED_MISSING_DATA,,,
remove_strategies,Fixed TP/Lower Bias (no normal SL),VALIDATION,BLOCKED_MISSING_DATA,,,
remove_strategies,Fixed TP/Lower Bias (no normal SL),HELDOUT_PARAMETER_REPLAY,BLOCKED_MISSING_DATA,,,
remove_symbols_and_strategies,Fixed TP/SL,TRAIN,BLOCKED_MISSING_DATA,,,
remove_symbols_and_strategies,Fixed TP/SL,VALIDATION,BLOCKED_MISSING_DATA,,,
remove_symbols_and_strategies,Fixed TP/SL,HELDOUT_PARAMETER_REPLAY,BLOCKED_MISSING_DATA,,,
remove_symbols_and_strategies,Dynamic TP/Dynamic SL,TRAIN,BLOCKED_MISSING_DATA,,,
remove_symbols_and_strategies,Dynamic TP/Dynamic SL,VALIDATION,BLOCKED_MISSING_DATA,,,
remove_symbols_and_strategies,Dynamic TP/Dynamic SL,HELDOUT_PARAMETER_REPLAY,BLOCKED_MISSING_DATA,,,
remove_symbols_and_strategies,Dynamic TP/Middle Bias (no normal SL),TRAIN,BLOCKED_MISSING_DATA,,,
remove_symbols_and_strategies,Dynamic TP/Middle Bias (no normal SL),VALIDATION,BLOCKED_MISSING_DATA,,,
remove_symbols_and_strategies,Dynamic TP/Middle Bias (no normal SL),HELDOUT_PARAMETER_REPLAY,BLOCKED_MISSING_DATA,,,
remove_symbols_and_strategies,Dynamic TP/Middle Bias + Emergency SL,TRAIN,BLOCKED_MISSING_DATA,,,
remove_symbols_and_strategies,Dynamic TP/Middle Bias + Emergency SL,VALIDATION,BLOCKED_MISSING_DATA,,,
remove_symbols_and_strategies,Dynamic TP/Middle Bias + Emergency SL,HELDOUT_PARAMETER_REPLAY,BLOCKED_MISSING_DATA,,,
remove_symbols_and_strategies,Fixed TP/Middle Bias (no normal SL),TRAIN,BLOCKED_MISSING_DATA,,,
remove_symbols_and_strategies,Fixed TP/Middle Bias (no normal SL),VALIDATION,BLOCKED_MISSING_DATA,,,
remove_symbols_and_strategies,Fixed TP/Middle Bias (no normal SL),HELDOUT_PARAMETER_REPLAY,BLOCKED_MISSING_DATA,,,
remove_symbols_and_strategies,Fixed TP/Printed Dynamic SL,TRAIN,BLOCKED_MISSING_DATA,,,
remove_symbols_and_strategies,Fixed TP/Printed Dynamic SL,VALIDATION,BLOCKED_MISSING_DATA,,,
remove_symbols_and_strategies,Fixed TP/Printed Dynamic SL,HELDOUT_PARAMETER_REPLAY,BLOCKED_MISSING_DATA,,,
remove_symbols_and_strategies,Fixed TP/Higher Bias (no normal SL),TRAIN,BLOCKED_MISSING_DATA,,,
remove_symbols_and_strategies,Fixed TP/Higher Bias (no normal SL),VALIDATION,BLOCKED_MISSING_DATA,,,
remove_symbols_and_strategies,Fixed TP/Higher Bias (no normal SL),HELDOUT_PARAMETER_REPLAY,BLOCKED_MISSING_DATA,,,
remove_symbols_and_strategies,Fixed TP/Lower Bias (no normal SL),TRAIN,BLOCKED_MISSING_DATA,,,
remove_symbols_and_strategies,Fixed TP/Lower Bias (no normal SL),VALIDATION,BLOCKED_MISSING_DATA,,,
remove_symbols_and_strategies,Fixed TP/Lower Bias (no normal SL),HELDOUT_PARAMETER_REPLAY,BLOCKED_MISSING_DATA,,,
